TransactionID,Date,Amount,Currency,PaymentType,Status,SenderName,SenderTIN,SenderBank,SenderBankRouting,SenderAccountNo,ReceiverName,ReceiverTIN,ReceiverBank,ReceiverBankRouting,ReceiverAccountNo,BusinessCategory,TransactionFee,IsInternational,Notes,ProcessedBy,BankBranch,Region,Channel,Purpose,CustomerSegment,SettlementDate,FXRate,OriginalCurrency,ChargeBearer,SwiftCode,ComplianceCheck,AMLScore,KYCCheck,TaxWithheld,AuditTrail,TransactionTime,CountryCode,UserDevice,IPAddress,PaymentPriority,Recurring,LinkedTxn,CustomField1,CustomField2,CustomField3,ReferenceNumber,FraudCheck,OriginatingSystem
385abb80-6e34-413b-ab6b-676da1a6bd51,4/1/2025,2120.55,USD,Wire Credit,Failed,"Ellis, Wilkerson and Bryant",52-4302281,PNC Bank,076534924,GLEY34753164079607,Edwards Group,53-1900355,PNC Bank,082574509,LTFO90777233882862,embrace robust eyeballs,9.54,FALSE,Until wait I system hot time.,Frederick Charles,Williamsside,Wisconsin,Mobile App,Cross-group neutral forecast,SMB,4/3/2025,1,USD,Sender,LTWRGBNZ,Flagged,0.67,Incomplete,183.61,https://jackson.com/,7:47:34,US,Android,30.133.206.188,High,TRUE,589599a9-f69b-41ab-9d4f-fe1657a44ddd,just,or,no,bf425015-2779-4e48-95de-3e411a9fa93f,Clear,Manual Entry
dce55671-cf04-47b1-8b10-03713a19368c,4/2/2025,12209.82,USD,Wire Debit,Pending,Li LLC,47-7059353,Chase,059179018,BXMV71809715220311,Davis and Sons,21-5949732,PNC Bank,034559145,KRIO86065632882204,implement revolutionary systems,27.15,FALSE,Approach turn practice these religious middle.,Todd Wallace,Pattersonborough,Minnesota,Bank Branch,Multi-channeled secondary matrix,Startup,4/1/2025,1,USD,Sender,LUTAGBY3,Pending,0.65,Incomplete,98.58,https://brown.net/,2:21:00,US,iOS,98.220.135.93,Normal,FALSE,139e7e47-7ff6-4b22-80ae-5415e0d6840b,night,because,case,476ba863-ff10-49a0-813c-f8154854ca84,Suspected,ERP
d98c706f-7603-4b26-91b8-ce725e119eb5,4/4/2025,7956.33,USD,Wire Credit,Failed,"Stewart, Holland and Dunlap",56-2509712,PNC Bank,085656673,PEXY28686723463764,Wall-Yang,34-6637499,Wells Fargo,055715379,TORA04513531229467,engage killer e-services,9.39,FALSE,Left happen analysis discover opportunity door.,Stephanie Garcia,Briggston,Vermont,Online,Pre-emptive intermediate array,Startup,4/2/2025,1,USD,Sender,AQPJGBITNRO,Pending,0.71,Incomplete,142.86,https://www.jones.com/,22:23:51,US,iOS,83.145.87.158,Normal,TRUE,020b65b9-5435-4a22-976b-84b2af5d085d,system,maybe,network,fc91be4f-5789-4d70-90fb-495a26d245b7,Clear,ERP
1830bd2b-1f96-403b-bfe8-85198ab927ae,4/1/2025,30352.59,USD,Wire Credit,Failed,Willis Inc,94-3075453,Bank of America,044697835,MLAE36086698435274,Russell-Villegas,94-6506199,Wells Fargo,118588168,QCLU17401801952357,whiteboard strategic e-commerce,27.92,FALSE,Check nor serious state store traditional interest even.,Jessica Andersen,Griffithtown,Oregon,Mobile App,Multi-tiered well-modulated time-frame,SMB,4/4/2025,1,USD,Receiver,PBBAGBAA,Passed,0.15,Incomplete,182.84,http://griffin-olson.org/,12:21:51,US,Web,98.235.46.226,Normal,TRUE,56fb6904-f740-4223-bd81-4163135a6abf,rich,who,opportunity,02822514-b976-4ae6-b1cc-72511772c5e6,Clear,Manual Entry
44caf12b-69dc-46ae-ae5d-eb768c648394,4/1/2025,37820.78,USD,Wire Debit,Failed,Robertson Group,95-7416488,Bank of America,120187243,ZZUS71971021939519,Peters PLC,86-2087856,Chase,058595622,AAXD57119797379670,utilize frictionless eyeballs,7.15,FALSE,Bill agent already.,Richard Curtis,Wadebury,Minnesota,Bank Branch,Realigned tertiary orchestration,Enterprise,4/3/2025,1,USD,Receiver,TURVGB0Y5MR,Flagged,0.11,Incomplete,94.72,http://www.martinez.biz/,9:45:11,US,Web,223.113.35.113,High,TRUE,f24ea85f-3859-4456-8b4a-9b7f51101a82,off,term,whole,d2389544-1086-4136-b431-12cedf0ce911,Suspected,ERP
59b94add-50dd-46cc-aee5-41650f3da9fc,4/4/2025,9600.43,USD,Wire Credit,Completed,Heath and Sons,87-8910908,PNC Bank,010038949,SIDW08576082931264,Berry Ltd,66-8327521,Bank of America,055492304,YZNL77813021221762,disintermediate magnetic web-readiness,16.57,FALSE,Ask final as hotel.,Gary Torres,Rhondahaven,South Carolina,Online,Synchronized leadingedge conglomeration,Startup,4/1/2025,1,USD,Sender,KEGTGB6D,Passed,0.86,Complete,114.18,https://www.wells.com/,1:41:04,US,Android,199.192.173.220,Normal,TRUE,6bf2e5e9-7a97-469c-95d8-4d171f822bb7,decide,boy,wife,34379d07-2f9b-45df-bbf4-6e694660db83,Suspected,Manual Entry
05fa0016-c49e-42cb-94e8-f2d0edd39c1d,4/1/2025,43328.21,USD,Wire Debit,Pending,Brown LLC,82-9937136,Citibank,064778909,KCBG98965038877354,"Martinez, Carpenter and Kane",68-3413352,Bank of America,098169173,GYMO61066501187207,incubate ubiquitous interfaces,48.81,FALSE,Different form heavy visit.,Nathan Horton,West Steven,Maryland,Online,Team-oriented bifurcated data-warehouse,Enterprise,4/1/2025,1,USD,Receiver,EXWWGBNWQQH,Flagged,0.82,Complete,196,http://yoder-bauer.com/,19:00:32,US,Android,50.51.203.9,High,FALSE,04b852e1-3450-40f4-bc86-babfb05f36f2,kind,window,road,b1e68171-9151-48c8-b281-847321a7bef2,Clear,Manual Entry
5d00ba19-f934-4bd9-be2c-dd79bc29d38b,4/3/2025,22076.62,USD,Wire Credit,Pending,Ford-Thornton,45-6557698,PNC Bank,111285196,BBRO86500713517787,Sandoval-Villarreal,76-4722504,Bank of America,034398254,JZTP36698605895931,exploit granular networks,21.46,FALSE,Responsibility until either.,Donna Jenkins,New Josephside,South Carolina,Online,Inverse zero-defect approach,Startup,4/4/2025,1,USD,Receiver,OUHXGBHV,Flagged,0.37,Complete,166.71,https://edwards.com/,17:17:06,US,Android,205.240.126.52,Normal,FALSE,48c021fa-7094-477a-a4fc-3f4675a49ebb,skill,American,tend,6b7e8d2f-43c7-4bcf-89e6-d4288aabdfbc,Suspected,CRM
a6f356e5-56fe-4a65-98f5-6ea72fd6c512,4/3/2025,48481.37,USD,Wire Credit,Completed,"Williams, Galvan and Snyder",13-0294228,Bank of America,016340589,GUAG96525975499863,Kelly-Marshall,66-0621163,Bank of America,095668130,IDFW44955491980611,grow user-centric portals,38.71,FALSE,We cultural main network because politics positive again.,Jason Brown,North Laura,Wyoming,Mobile App,Focused transitional customer loyalty,Enterprise,4/2/2025,1,USD,Receiver,THSXGBO1,Pending,0.53,Complete,96.86,http://lynch.com/,12:54:18,US,Web,105.16.93.120,Normal,FALSE,ebe95c40-fca5-4149-998f-12ffcbd48183,his,play,top,b4a4912a-bbf6-4591-86a8-8bfd8fecfe79,Clear,ERP
c5a83e5f-de9c-485c-b058-7820a9da3eee,4/3/2025,12397.01,USD,Wire Debit,Failed,Jones-Berg,80-4894694,Citibank,069524815,SMRF83463941480314,Johnson-Fletcher,61-4721279,Wells Fargo,098053069,RRUU48401614828812,architect clicks-and-mortar web-readiness,7.37,FALSE,Employee entire others full even.,Laurie Riggs,Gregoryview,Nebraska,Mobile App,Organic directional portal,Startup,4/2/2025,1,USD,Sender,DXGXGB9JDCN,Flagged,0.33,Complete,128.52,http://roberts.com/,4:39:56,US,Android,54.207.209.244,Normal,TRUE,f02a0699-80be-4606-aa82-467513789b24,be,good,many,51bc7cf4-6dca-4a17-8c9b-41ad077e8e59,Clear,Manual Entry
16fb8c56-ee7a-42dc-8b56-e06415929750,4/3/2025,7790.95,USD,Wire Debit,Completed,Smith-Garza,46-5795135,Citibank,084943060,MBBP43643764468889,"Bright, Thomas and Adams",22-5616532,Citibank,111063402,ASIG11752372524348,e-enable compelling channels,29.08,FALSE,Everything her also.,Jessica Williams,Port Chelsea,Colorado,Online,Re-engineered transitional capability,Enterprise,4/3/2025,1,USD,Receiver,VLGIGBH9,Pending,0.42,Complete,52.69,http://jackson.biz/,13:38:23,US,Web,30.164.48.47,Normal,FALSE,2a37a0ab-0aa0-4813-93cc-c4b590ea65e0,maybe,conference,perhaps,ea37f274-b78a-4ab2-a45d-468559d2aea0,Suspected,ERP
b65dc35c-cc75-4aad-9e6f-cc81a9ac3c21,4/3/2025,6376.25,USD,Wire Credit,Failed,Sutton LLC,40-2978657,Bank of America,115965069,QBAA38107889578871,Hill-Porter,52-3605933,Bank of America,020515397,SYJS91922992807465,reinvent plug-and-play web services,11.62,FALSE,And street effort become catch likely.,Austin Frazier,West Sharonfort,Minnesota,Bank Branch,Enhanced local forecast,SMB,4/1/2025,1,USD,Receiver,CCXLGBMV,Passed,0.19,Incomplete,88.75,https://www.ortiz.info/,3:00:35,US,Android,15.208.99.112,High,FALSE,c26db9c3-62b4-4599-b056-0760a7f2ccde,collection,note,use,10a987d7-c869-4078-8312-c28e6135fc19,Under Review,Manual Entry
5973c5fd-f40a-4fcc-9184-e611b2bedfd9,4/4/2025,1254.9,USD,Wire Debit,Pending,Wang-Wall,30-4231573,PNC Bank,110178709,QVFX93885925993871,"Whitney, Salazar and Thompson",30-0570229,PNC Bank,109738516,GNCL92357796526110,scale dynamic relationships,25.34,FALSE,Way reflect result amount interview.,William Nelson,West Kimberly,Florida,Online,User-friendly global moratorium,SMB,4/1/2025,1,USD,Receiver,JWQRGB05B7J,Pending,0.2,Complete,43.88,https://wilson.com/,18:51:41,US,iOS,48.15.247.120,High,TRUE,28edde7b-597e-4ab5-b4a5-a79aae3201d8,purpose,president,with,3cd7c67a-11a8-481e-9865-4597247f7f8c,Suspected,Manual Entry
3b05b35c-5c52-4437-90f1-5c5905a2e8f9,4/1/2025,37479.24,USD,Wire Debit,Failed,Johnson-Kennedy,15-0920037,Citibank,067225970,BOVC90870628163161,"Garcia, Day and Ashley",27-7410712,Bank of America,021264100,ZJAL02092345420195,target end-to-end networks,24.98,FALSE,Tonight tax summer.,William Hebert MD,Garciashire,Wyoming,Online,Integrated bottom-line migration,SMB,4/3/2025,1,USD,Receiver,EMKNGB8XNOD,Flagged,0.72,Complete,141.86,https://www.navarro-barajas.com/,15:29:48,US,Web,42.28.168.238,High,FALSE,2bd63e30-a934-4070-af44-6dfb005441e6,growth,where,adult,32123110-072e-482a-9e3a-2a901b4ea895,Clear,CRM
9d545c73-e643-49c0-b701-3317d5b6a5bf,4/4/2025,18799.79,USD,Wire Credit,Failed,Jordan-Copeland,71-5542487,Chase,127026404,AIBE66202891252607,Nelson Inc,85-7012460,Chase,070830417,QRVO29047715332145,syndicate robust applications,22.3,FALSE,Me explain skin would individual staff growth book.,Tracy Davis,Zacharyshire,Colorado,Online,Decentralized value-added system engine,Enterprise,4/3/2025,1,USD,Sender,AFAKGBF6,Passed,0.69,Complete,104.38,https://www.larsen.com/,11:54:13,US,Android,59.150.111.192,Normal,FALSE,0b81d7bf-4e4d-4202-bf42-a9005cabc7ff,step,increase,gun,7f35d80c-99c1-43ba-8c1f-e7349b930cd4,Suspected,CRM
958098c4-782c-41d2-a35d-b1a56621404e,4/1/2025,16870.64,USD,Wire Debit,Failed,"Blankenship, Decker and Hudson",75-4471247,Bank of America,070269363,MBUD93280866297154,Henry Group,13-7877544,Chase,117846623,GUXY96687108842673,implement wireless web-readiness,34.16,FALSE,War here past feeling red kitchen low PM.,Mark Miller,New Sharonstad,Virginia,Mobile App,Persevering zero tolerance pricing structure,Enterprise,4/4/2025,1,USD,Receiver,ZANCGBRV2JE,Passed,0.66,Complete,154.74,http://bell-mullins.info/,17:07:34,US,Web,55.63.179.48,High,FALSE,6a6ab042-acc0-4cd7-bde8-787e0d23eb9e,vote,worker,last,30d8e738-5087-4d6b-8104-843ff17c18a0,Under Review,Manual Entry
f315962d-5b30-442b-b456-83946ac96747,4/1/2025,36582.4,USD,Wire Debit,Completed,Ewing and Sons,39-0535812,Citibank,067180798,ALCP20922118360591,"Allen, Myers and Johnson",39-2259146,Wells Fargo,098095483,FCBR33038882996746,implement leading-edge technologies,36.8,FALSE,Site voice black station fill person series scientist.,Rebecca Jacobs,East Michelemouth,Vermont,Bank Branch,Polarized solution-oriented framework,SMB,4/3/2025,1,USD,Receiver,UOFPGBXZCUQ,Flagged,0.55,Complete,54.75,https://shaffer.info/,12:07:13,US,Android,148.253.227.163,High,FALSE,38e1618d-49fe-4825-9098-ff7916a0271c,last,street,soldier,b5319b35-347c-4985-8951-2a529133c9fc,Suspected,Manual Entry
8e02b571-4125-4ba6-aba8-1a168075899f,4/3/2025,19349.69,USD,Wire Credit,Completed,Martinez Group,20-4893230,Citibank,045445358,ZZKY17225676377527,Castaneda Group,95-1013286,Chase,094269886,UJZW67500258926511,orchestrate clicks-and-mortar systems,39.82,FALSE,Movement particularly chair seek live what world.,Cynthia Crawford,West Rachel,Iowa,Mobile App,Realigned background matrix,SMB,4/2/2025,1,USD,Receiver,NWJCGBLYWJ0,Passed,0.11,Incomplete,175.79,https://www.miller.org/,18:13:58,US,Android,142.206.121.83,Normal,TRUE,ee67e99a-22d6-4b33-969b-8cab7c5f71df,site,prepare,long,75f15fec-fbde-41ee-92ad-6c75bb422a01,Suspected,ERP
62ac0c9d-ca44-41c3-aa9b-6649bc0f8d22,4/4/2025,36066.06,USD,Wire Credit,Pending,Ramirez and Sons,55-1595057,Wells Fargo,104699430,IFTZ75600719389516,Edwards-Gray,91-6053616,Wells Fargo,027281776,VULF75084710953638,integrate user-centric e-tailers,44.96,FALSE,Next skill maintain research man for.,Tracy Alvarado,Ramirezport,New York,Online,Multi-channeled bandwidth-monitored array,Enterprise,4/1/2025,1,USD,Receiver,UQGPGBOI,Passed,0.76,Complete,145.38,http://thompson-wheeler.com/,0:44:13,US,iOS,149.223.107.174,High,TRUE,2bab8d9a-9d26-4f5b-92ff-c05e1aecda0c,professional,to,box,6bdae238-a394-41ab-bc00-8a3a3380f3ba,Suspected,ERP
faced169-d470-45d4-9b99-76b420de19ea,4/4/2025,21960.11,USD,Wire Credit,Completed,Bailey-Williams,43-6582066,Bank of America,032701982,NGXY86087527619488,Brown-Bryan,73-3975258,Chase,035484361,SYZX63671026617471,orchestrate bricks-and-clicks e-services,24.91,FALSE,Goal where they adult task.,Lisa Russell,New Matthew,Pennsylvania,Mobile App,Optional zero tolerance complexity,Enterprise,4/4/2025,1,USD,Receiver,QLKSGBLD5TS,Flagged,0.87,Incomplete,22.02,http://www.campbell.com/,12:29:00,US,Android,145.9.46.108,High,FALSE,1f83ec8a-ce7e-43ae-b0ad-c89b75169722,concern,boy,wind,edf9f595-b083-4042-9644-cc830bb66bce,Under Review,CRM
ec20b37e-f644-4a7d-9842-2d4d271dd9d1,4/4/2025,45997.33,USD,Wire Credit,Failed,Gonzalez-Cooper,39-2885277,Wells Fargo,122893425,YBAA20552053184729,Mendez-Sims,98-9582564,Citibank,124831621,OHPA53167048022253,re-intermediate synergistic content,45.93,FALSE,True shake writer.,Joshua Russell,South Maryhaven,Hawaii,Online,Focused intermediate task-force,Startup,4/4/2025,1,USD,Receiver,YWWRGBOEW4M,Flagged,0.96,Incomplete,86.46,https://www.collins-atkinson.com/,8:03:11,US,iOS,99.222.6.52,Normal,FALSE,547cd4a0-6db7-414c-bf31-517cacbba694,skill,among,other,6e644bd0-23b9-4bf0-aa61-8dee15cf701c,Clear,Manual Entry
09a1050e-5c1b-4a14-96f4-cddccf63c1a7,4/1/2025,3405.28,USD,Wire Debit,Failed,Gray-Myers,80-6759416,Wells Fargo,128511976,QFFI69526820840136,"Davidson, Ortega and Reid",39-9616588,Bank of America,119267174,JJVU25084232659578,leverage frictionless applications,32.43,FALSE,Strategy particular add.,Nicholas Cline,South Cherylside,North Carolina,Online,Ergonomic mobile flexibility,SMB,4/4/2025,1,USD,Receiver,HSHEGBO0,Flagged,0.39,Incomplete,42.56,https://carroll.net/,3:13:09,US,Android,160.133.247.243,Normal,FALSE,a033996d-73b6-4991-a131-e9f8610b7e9f,strategy,benefit,trial,36a25e4c-204f-4db7-b7c8-d02556e70577,Clear,Manual Entry
4c6d64c3-5cc5-4fce-9111-eb7c64581ce3,4/4/2025,19921.45,USD,Wire Credit,Completed,Blankenship Group,03-4997184,Wells Fargo,011121185,BDEW87324744221278,Lawson-Morris,90-8725833,PNC Bank,019911245,HLQY82770607495303,deliver rich methodologies,14.62,FALSE,Despite character effort notice improve common.,Lucas Wallace,Coleshire,Alaska,Mobile App,Up-sized 5thgeneration extranet,Enterprise,4/4/2025,1,USD,Sender,HEVPGBBD5P3,Passed,0.6,Complete,81.16,http://www.walters.org/,6:20:01,US,Android,123.20.161.104,High,FALSE,8521f244-e437-442b-8656-4e1bfbec5fc9,authority,become,easy,086cfa03-f321-447c-a6dc-0dfc59226002,Clear,Manual Entry
02587ade-f8cb-4b43-ad83-5cbd70f7ed5d,4/3/2025,45268.04,USD,Wire Debit,Completed,Webb-Wright,93-9418628,Wells Fargo,045564200,ARZO33593716065051,Weeks LLC,64-9996815,Bank of America,112709095,CXTX36497583783858,harness dot-com relationships,31.18,FALSE,Energy economic surface region by position.,Brittany Myers,Durhambury,New Jersey,Bank Branch,Inverse value-added hierarchy,Enterprise,4/2/2025,1,USD,Receiver,ZPMUGBG2,Flagged,0.57,Incomplete,146.45,https://www.day.info/,5:35:21,US,iOS,57.51.138.165,High,FALSE,b413b76c-5653-40e3-8d4f-09fe051f9348,hear,fund,or,7debef2c-6eeb-4218-af92-2c835f4cd982,Suspected,ERP
6e95da04-81f6-43b1-94e2-6f75e20157b3,4/2/2025,18473.23,USD,Wire Debit,Completed,Sullivan-Williamson,74-2298725,Bank of America,050971338,YLXA87716826832777,"Wilson, Bailey and Church",12-2290177,Citibank,010316894,IGUT72637719196713,incentivize rich systems,42.47,FALSE,Act often behavior.,Phillip Patel,New Robinburgh,Michigan,Bank Branch,Optimized neutral website,SMB,4/2/2025,1,USD,Sender,RCUNGB6I,Passed,0.17,Complete,177.48,https://www.peterson.com/,0:29:51,US,Web,6.92.205.53,High,TRUE,a18d8ac0-b481-48f9-95b5-08c8e2c07b9c,month,couple,five,893f4874-e2ef-489c-a766-c783310e057e,Under Review,ERP
854bf6fd-eb80-493a-8151-3812ebc19e23,4/1/2025,7273.39,USD,Wire Credit,Completed,Cortez Group,05-0671067,Wells Fargo,111381100,RTVX85965618022924,Lee PLC,48-6260717,Chase,125219679,VFKV47538168346842,transition interactive convergence,4.7,FALSE,House meet thing cell themselves allow go.,Dustin Foster,South Nicholas,New Hampshire,Bank Branch,Vision-oriented client-server policy,Enterprise,4/2/2025,1,USD,Receiver,UZPMGB3U,Pending,0.47,Complete,148.77,https://www.marquez-lambert.com/,10:13:39,US,Web,80.229.78.21,High,TRUE,bb6ae8b1-4f99-4c38-89a3-36bc000839cb,successful,he,president,64934b75-00a7-4d1e-8629-faf6fd32b857,Clear,Manual Entry
fdcd1fcb-be1f-41c8-a31e-a6aec5385779,4/3/2025,28345.77,USD,Wire Credit,Completed,"Le, Campbell and Brooks",51-8113301,Bank of America,061873069,JCCO59907802213065,Robinson-Thompson,90-9110960,PNC Bank,081584493,SPFF41851793331195,redefine best-of-breed platforms,44.18,FALSE,Clearly including discover billion early voice this.,Collin Thomas,South Tyler,New Mexico,Mobile App,Versatile intangible function,Enterprise,4/3/2025,1,USD,Sender,XDUAGB0T,Pending,0.28,Complete,154.37,http://rivera.org/,10:46:23,US,iOS,188.166.143.94,Normal,TRUE,d3f9a15b-53cd-48b9-8206-61de5917a7a7,rate,offer,star,e6210b0c-980d-476b-b7b5-a6dfa5d94ea5,Under Review,CRM
fc633aa8-753e-41ce-a81d-ebacf5327411,4/4/2025,15597.61,USD,Wire Debit,Completed,Lane-Kim,13-9788823,PNC Bank,036125988,FLYC46001347177627,Stephenson Inc,14-8826228,Citibank,106709771,AZFS03614962341315,engage bricks-and-clicks ROI,4.65,FALSE,Station able her easy difference coach tend new.,Erin Hopkins,Bakerburgh,Arizona,Mobile App,Right-sized radical project,SMB,4/2/2025,1,USD,Sender,XHXQGBAJ,Flagged,0.11,Complete,199.7,https://nguyen.biz/,2:00:24,US,iOS,104.229.81.4,High,FALSE,4f826d8c-3e7e-4740-9a59-9a825ea27d02,night,event,late,125d8eb3-09ce-4bff-ac35-76eda333d0ee,Suspected,CRM
10dcb8bc-5f3f-423d-ae55-d33a82da5332,4/3/2025,27745.05,USD,Wire Credit,Failed,Ramsey-Davis,91-3584786,Bank of America,041604038,AGPU74283119063190,"Fischer, Fisher and Santiago",10-8588703,PNC Bank,098558771,GCBW39131660975731,monetize killer portals,39.52,FALSE,Month sometimes trial trouble attorney.,Mitchell King,Lake Emilyberg,Iowa,Bank Branch,Object-based demand-driven service-desk,Enterprise,4/3/2025,1,USD,Sender,XVATGBMFGBH,Flagged,0.63,Complete,71.22,http://vargas.net/,15:32:30,US,Web,10.145.182.52,Normal,TRUE,9a8e107c-b469-4886-9d5d-e18260e1a6fc,parent,their,any,a5b39878-5526-45fe-9a4e-6065f9822cfe,Clear,Manual Entry
bb673031-17d3-4e94-ba04-09a70015fe4b,4/1/2025,11066.08,USD,Wire Credit,Pending,Greene-Patel,02-2500147,Chase,053697240,XTGU84538062974441,"Hughes, Sims and Campbell",22-9055671,PNC Bank,115344525,UXGU77477544209161,re-contextualize bricks-and-clicks communities,31.2,FALSE,Simply determine image describe sound head.,Corey Miller,North Angelaview,Rhode Island,Online,Operative demand-driven monitoring,SMB,4/1/2025,1,USD,Sender,VPTJGB2O,Passed,0.14,Incomplete,58.25,https://www.williams.biz/,22:22:01,US,iOS,222.95.49.134,Normal,FALSE,1be7b625-4b68-4690-b536-9d404f0dd6a3,art,focus,tax,32bec58b-11a9-4bf2-83da-f668f35bdb0a,Clear,ERP
dff313f2-8a75-4b54-805f-a5906b2ab6c8,4/4/2025,29567.7,USD,Wire Debit,Pending,"Pitts, Smith and Mejia",81-9430069,Chase,015299327,HKVL39483967419669,Harris-Price,66-7617263,Bank of America,112574631,QQBB22716543890942,maximize revolutionary niches,39.61,FALSE,Seem always beyond despite bag building green most.,Dustin Fernandez,Karenland,Pennsylvania,Bank Branch,Multi-channeled heuristic secured line,SMB,4/1/2025,1,USD,Sender,IITQGBNNFOM,Flagged,0.71,Complete,109.05,https://www.perez-farmer.com/,11:17:30,US,Android,198.69.109.128,High,FALSE,98137fe2-f3cd-48a3-a88f-3d565621623f,real,set,trial,57ba5797-72f3-476a-9ce9-dfcb3ef6f04c,Under Review,Manual Entry
c272e3ae-3777-4f09-8aee-9790fcf2cb44,4/3/2025,1390.67,USD,Wire Debit,Failed,Simpson Ltd,62-0982116,Citibank,088695822,VNFH31034387594185,Harris-Brown,12-2225159,PNC Bank,026014203,YGCH16415672367121,exploit proactive schemas,9.7,FALSE,Another eat spring discuss year.,Eric Jones,Williamsberg,Maryland,Mobile App,Re-engineered systemic workforce,Enterprise,4/1/2025,1,USD,Sender,KWMJGB50FQT,Flagged,0.89,Complete,187.28,http://williamson.com/,22:15:49,US,Android,219.62.146.224,High,FALSE,5505d84c-245d-4011-97e9-a83e8df2baca,finally,full,space,c6f4967b-0b18-4608-9c2c-5fb0b1416315,Clear,Manual Entry
964c1202-2a7c-452d-afde-dea45f5b9460,4/2/2025,16181.23,USD,Wire Debit,Pending,Bryant-Stephens,86-3800145,Bank of America,064190532,EUPT32913946826668,"Klein, Michael and Grant",51-3049582,Citibank,089060223,EBUK75454631060373,syndicate impactful schemas,44.68,FALSE,Standard green deep section city.,Charles Rich,Lake Tristan,Iowa,Mobile App,Seamless dynamic success,SMB,4/4/2025,1,USD,Sender,NOTHGBA94U8,Passed,0.78,Complete,188.21,https://www.bird.com/,14:52:56,US,iOS,144.98.239.95,Normal,FALSE,ad9ab010-3553-4808-9c81-137dc5817ae3,manage,increase,first,6d4a43bb-6340-45c5-800d-92beaa3e5822,Suspected,Manual Entry
9b0046a6-e77b-4e53-9bd7-62e60452b9ee,4/1/2025,18408.57,USD,Wire Credit,Pending,Wagner Inc,48-2149005,Citibank,045299449,OOJX17960105830326,"Daniels, Ayers and Woods",03-6346793,Wells Fargo,029078181,AAUK69524132980723,deliver integrated action-items,33.81,FALSE,Site vote institution evidence also.,Dana Adams,Isaacchester,Florida,Online,User-centric explicit algorithm,SMB,4/1/2025,1,USD,Receiver,UFPGGB1F0DE,Pending,0.6,Incomplete,170.21,http://davis.com/,3:42:21,US,Web,93.191.247.95,High,TRUE,23b7890f-9299-4e90-963b-1322033e210b,condition,base,few,22d1aad8-eab4-42b8-8595-a8fd2fc9ba65,Clear,CRM
51d6e9e9-af6e-4fa1-a455-96f6dee4316f,4/3/2025,44686.88,USD,Wire Debit,Completed,Harris Group,30-0254602,Bank of America,012400371,CQBH58122254797405,Johnson-Garcia,87-3860017,Chase,051248316,QPGE44857308586480,facilitate world-class web services,17.92,FALSE,Nice word get baby onto person.,Robert Lang,Andrewfort,West Virginia,Online,Organized asymmetric installation,Enterprise,4/3/2025,1,USD,Receiver,IXIRGB4KB4P,Passed,0.93,Complete,119.05,https://www.harvey.org/,14:31:11,US,Android,67.197.66.185,High,TRUE,2e3ba077-c701-401f-8860-0df6d82111ce,outside,explain,task,11993ea1-17ab-459c-9be5-ea806b00849c,Suspected,ERP
ff7f5acf-8c4f-41ea-b7ee-25361c99763e,4/1/2025,1889.37,USD,Wire Debit,Completed,Gardner and Sons,99-5319808,Bank of America,084766564,OJTS66523053625069,Wolfe Inc,21-6892339,Wells Fargo,055732226,PZGW43549954178907,expedite sticky initiatives,14.51,FALSE,Stuff until course father.,James Ellis,West Barbarafort,New Mexico,Bank Branch,Intuitive foreground application,SMB,4/4/2025,1,USD,Sender,IQDWGBC31X6,Pending,0.17,Complete,109.77,https://www.kaiser.org/,22:27:36,US,Web,132.166.111.42,Normal,FALSE,99f77d07-ffd0-4db5-9909-ffabf2ee0ebd,develop,lot,begin,ab7fa39c-216a-46bd-ba58-93af7b67bb6e,Suspected,Manual Entry
eba4b930-7b49-482b-bf06-0d0f50cd8558,4/2/2025,25416.29,USD,Wire Credit,Completed,Gomez-Smith,53-3583699,Wells Fargo,097599090,BZTP91511459829528,Chapman-Phillips,40-7586277,Bank of America,092850077,JLJZ42640321164164,unleash mission-critical bandwidth,4.27,FALSE,Create guess crime country.,Amy Williams,Heidiburgh,Minnesota,Bank Branch,Enhanced hybrid moratorium,SMB,4/3/2025,1,USD,Receiver,JPAVGBYKZQ1,Pending,0.54,Incomplete,14.14,https://leon.com/,20:21:34,US,iOS,104.163.26.71,Normal,TRUE,c3fe4ef4-25e0-43a1-be7f-f59c52e32f3b,big,century,run,f0f2862b-77ce-4f6c-bf2e-f1854976e45d,Suspected,ERP
c74c0dd0-e14c-446b-b66c-32603fa69f86,4/2/2025,1678.6,USD,Wire Debit,Failed,"Sanchez, Silva and Rodriguez",44-4535716,Wells Fargo,068297619,DTDX65966134835666,Ellis Inc,44-2451610,PNC Bank,076815999,BFUE30682425741159,streamline collaborative channels,26.55,FALSE,Leave remember night sit whose.,Tammy Zuniga,West Daniel,West Virginia,Online,Right-sized grid-enabled groupware,SMB,4/1/2025,1,USD,Sender,FMEXGBYG,Pending,0.55,Incomplete,164.83,http://www.reed.com/,5:51:01,US,iOS,194.255.228.107,High,FALSE,ee469065-4d6f-450b-aae9-d367637e2bb7,later,order,view,abf90979-bb77-4969-98c0-cf01a6574961,Suspected,Manual Entry
5cd4cb01-64cb-4260-9db9-210b52b02bfb,4/4/2025,4010.13,USD,Wire Debit,Pending,"Price, Silva and Hodge",14-1265755,Chase,024356853,BQBW23690652234514,Smith Ltd,98-8813177,Chase,046629348,OQJS23187227668418,facilitate front-end e-business,2.67,FALSE,Prevent whom staff purpose and check clearly.,Lindsay Jones,Port Rebecca,Louisiana,Bank Branch,Cross-platform grid-enabled functionalities,Startup,4/3/2025,1,USD,Sender,MOOCGBBDHQY,Passed,0.8,Complete,7.34,http://hill-moore.com/,11:12:55,US,iOS,112.71.22.224,High,TRUE,9a20ea4a-33bd-46b0-99f3-3fdc8233fb9a,itself,sure,control,b4324506-068f-4b90-8234-817786ed3ae3,Suspected,CRM
1b0631b4-45bb-44ff-b310-7951dae07103,4/2/2025,8153.35,USD,Wire Debit,Failed,Berger LLC,15-4514523,Bank of America,084624978,SRBH39739523899158,"Alexander, Harvey and Clark",61-1944151,Wells Fargo,122026535,AXXJ38832396109512,cultivate vertical portals,48.73,FALSE,Investment ability leave skin.,Anthony Robinson,Masseyshire,Vermont,Mobile App,Expanded hybrid knowledgebase,SMB,4/4/2025,1,USD,Receiver,LTVBGBTZ,Pending,0.64,Incomplete,116.08,https://davis.info/,0:06:30,US,iOS,84.91.172.67,Normal,TRUE,b3f1cbb6-19f8-4273-b7f3-4a106cd6d869,board,happy,no,a41cb336-00fe-4d02-924d-60bdd6e2cae9,Clear,ERP
91a058a2-6c6a-4a46-a147-fb568276f684,4/2/2025,12895.49,USD,Wire Credit,Failed,Mack Ltd,72-8478436,Wells Fargo,038382677,AZGW67709282562035,Anderson-Carr,01-5088494,Citibank,071040918,RHGC82157689545036,benchmark proactive vortals,4.48,FALSE,Behavior culture it mean culture Mrs nor.,Kathryn Cowan,West Brooke,Hawaii,Online,Re-contextualized maximized contingency,SMB,4/4/2025,1,USD,Sender,WQJLGBVZ4MH,Passed,0.35,Complete,0.85,https://bond-johns.com/,10:24:12,US,iOS,44.146.128.107,Normal,FALSE,b9ee74c7-6e19-4e0b-982b-d123e7c70122,both,peace,significant,b9cba830-efbe-4963-8891-8da13d3e35ad,Under Review,ERP
f7eaf244-e142-45e7-8748-57461e53a278,4/1/2025,47931.2,USD,Wire Credit,Completed,Cooper-Palmer,34-5080437,Bank of America,096142820,KFJX94007347636808,Walsh-Palmer,76-4104258,PNC Bank,011988632,FDGN55005801670076,utilize holistic channels,16.36,FALSE,Camera address amount street some book.,Angela Hall,Sanchezland,Ohio,Bank Branch,Distributed systemic function,SMB,4/4/2025,1,USD,Receiver,TSYMGBIA,Passed,0.24,Incomplete,29.77,https://may.org/,14:33:04,US,Android,128.35.250.228,Normal,FALSE,a7928d62-59bb-4988-a691-f3264b0c3b45,central,report,upon,1d881678-d56e-44e8-863e-20cd68ee37cf,Clear,Manual Entry
fa1f778e-ba5f-4e5b-9031-ee1a8d5460b9,4/2/2025,48722.39,USD,Wire Credit,Pending,Meadows Inc,61-9162390,Wells Fargo,038396618,WFHK55316881816357,"Mccall, Clark and Robbins",52-7703224,Chase,020091413,LRRL27309482018560,aggregate ubiquitous mindshare,22.51,FALSE,May occur brother receive write.,Matthew Wallace,Lake Kathleenton,New Jersey,Online,Streamlined radical encryption,Enterprise,4/4/2025,1,USD,Sender,JVTRGBRR,Passed,0.55,Incomplete,180.05,http://www.rose.com/,3:11:22,US,iOS,61.170.130.149,High,TRUE,a2053306-fe35-4792-a479-a6304c7be0aa,left,expect,current,38336a2f-b224-429c-a9fe-1b4af26a0dcd,Suspected,CRM
978e69b3-75f4-43b7-a4d9-089654b8161a,4/4/2025,48990.82,USD,Wire Credit,Pending,"Roberts, Turner and Ramirez",88-5263134,Wells Fargo,046147024,TIPC73042731284064,"Williams, Sloan and Anderson",57-2057744,Wells Fargo,021107827,AFMF88592848429878,orchestrate web-enabled initiatives,38.89,FALSE,Special loss price early.,Miguel Petty,East Alyssa,Louisiana,Online,Pre-emptive zero tolerance benchmark,Startup,4/4/2025,1,USD,Sender,DQRKGB7RH31,Passed,0.55,Incomplete,13.82,http://gordon.com/,18:34:23,US,Web,74.205.79.182,Normal,FALSE,54accae6-2aad-44f9-a614-da81398dda67,position,dog,social,dce4cafe-514f-424a-a606-f896dea4f7cb,Clear,CRM
9a41e2ee-c965-4b74-84de-8196120aa69b,4/1/2025,14584.78,USD,Wire Debit,Completed,"Turner, Sanchez and Ruiz",11-7601425,Citibank,085016048,OKRR04565686207496,Jensen PLC,46-9956030,PNC Bank,024770730,PNMI59420757848520,enable turn-key content,24.19,FALSE,Join hold second start effort simply.,Richard Maynard,Johnnyville,Georgia,Online,Reduced 5thgeneration project,Startup,4/3/2025,1,USD,Sender,DHDUGBNHWPA,Flagged,0.79,Complete,55.81,https://www.davis.org/,14:29:44,US,Web,86.210.61.140,High,TRUE,26fff89a-0a27-4fd9-b96e-1c79e02dd1c1,tonight,military,say,6e6ea612-5a62-4555-a1eb-689ada0c43b4,Suspected,ERP
af943d87-d0c4-4257-ae58-2aedcd916625,4/2/2025,18518.25,USD,Wire Credit,Pending,Ball Ltd,66-2317553,Chase,072852639,HIVS15146244630297,Osborne Ltd,15-4367782,Bank of America,021728714,TBVP87838197461496,redefine world-class web services,15.66,FALSE,Cup walk bit bag.,Vincent Freeman,West Kellieland,Kentucky,Bank Branch,Virtual full-range groupware,Enterprise,4/4/2025,1,USD,Receiver,VGZHGBM4ZNH,Pending,0.28,Incomplete,178.69,https://www.cox-garcia.com/,20:09:23,US,Web,167.200.41.128,High,FALSE,033d0189-dc86-4605-876c-8f20d73176c6,but,turn,leader,bb944308-1648-47fe-9fce-d21a88a3c8b0,Under Review,ERP
f5fa9d86-93be-4f10-a8e5-d36ac880286d,4/1/2025,35773.14,USD,Wire Debit,Failed,Vasquez-Price,53-3846958,Citibank,092627187,OSDV78281679522182,"Gamble, Swanson and Smith",56-0638501,Citibank,092493382,GWCF20231722270690,synthesize customized web services,16.38,FALSE,Guess main upon language fly.,Taylor Gillespie,Michaelview,New Jersey,Online,User-centric even-keeled info-mediaries,Startup,4/4/2025,1,USD,Receiver,PTAFGB2N,Pending,0.4,Incomplete,61.18,https://www.christensen.com/,9:15:46,US,iOS,55.1.107.49,Normal,TRUE,8bd32ea6-24b0-47be-a356-53a73893f5e9,science,any,key,e1ffbbe6-8fdf-4ba9-af88-7cb2acdf0931,Clear,Manual Entry
6af34632-652b-4b45-8427-a24e534f9639,4/1/2025,25985.05,USD,Wire Credit,Completed,Spears Ltd,33-7405863,Bank of America,114761316,EJIC44735543907274,"Hodge, Torres and Torres",44-2420471,Wells Fargo,076172713,DYVP06993787090628,e-enable compelling schemas,32.03,FALSE,Ever son behind parent list positive either significant.,Mr. Nathan Holloway Jr.,Manuelton,Kansas,Bank Branch,Profit-focused well-modulated open system,Startup,4/2/2025,1,USD,Receiver,EFYRGBP7,Passed,0.91,Complete,156.07,https://www.knight.com/,6:10:03,US,iOS,103.232.159.99,High,FALSE,a967ff65-33df-439e-a104-071afbe9877d,southern,away,first,263d682d-7d99-46ce-8751-3ed7e2a6969c,Clear,ERP
6c8c21de-cdcf-4946-9681-6af016681cc8,4/1/2025,41013.58,USD,Wire Credit,Pending,"Watkins, Mcclure and Sanford",90-2102498,Wells Fargo,107370727,YHDF79224516277590,"Collier, Wilson and Lopez",15-3459245,Citibank,046423654,CQAL94646119718833,e-enable intuitive content,40.47,FALSE,Second service such mother.,Diana Mcintyre,Williamschester,Maryland,Bank Branch,Centralized secondary info-mediaries,Startup,4/4/2025,1,USD,Receiver,EXPJGBQ2HCG,Pending,0.25,Complete,107.06,https://lewis-gates.net/,22:14:30,US,Android,106.80.129.182,High,TRUE,b43ddb05-c139-4e78-92f3-c03b00bbfa13,our,back,street,aac820c6-6adf-433c-8675-73967467d6f6,Clear,CRM
76613ab0-29ab-4ea7-bcff-eac3e9037cdc,4/1/2025,1766.49,USD,Wire Credit,Failed,Long PLC,23-6798938,Bank of America,041044180,YCSM16386728158597,"Sanchez, Tran and Mcconnell",53-4310926,Wells Fargo,113515657,DTNH95073767068508,utilize seamless web services,38.01,FALSE,Material senior free law cover try he.,Valerie Fowler,Port Morgan,Nebraska,Bank Branch,Diverse dynamic solution,Startup,4/1/2025,1,USD,Receiver,GPAHGBRU,Passed,0.76,Complete,22.01,http://www.howard.info/,15:58:41,US,Android,138.147.144.248,High,FALSE,fc2d07fa-3b59-40e6-b747-f76852a022db,activity,series,see,bcd47ff6-df9b-44cc-a06e-a02a855b9b34,Suspected,Manual Entry
